{"epoch": 55, "step": 250, "l1_loss": 33.71866226196289, "d_loss": -0.7199460864067078, "g_loss": 32.648780822753906, "const_loss": 0.00937245599925518, "category_loss": 0.0695384219288826, "gradient_penalty": 0.061908334493637085, "real_loss": 2.2541377544403076, "fake_loss": 1.4027448892593384, "_timestamp": 1687498210.7301085, "_runtime": 376.8440294265747, "_step": 4, "_wandb": {"runtime": 412}}