{"epoch": 6, "step": 360, "l1_loss": 16.72935676574707, "d_loss": 1.283341407775879, "g_loss": 19.598941802978516, "const_loss": 0.026983601972460747, "category_loss": 0.18838584423065186, "gradient_penalty": 0.02631569281220436, "_timestamp": 1687502973.6184642, "_runtime": 4290.234982252121, "_step": 11, "_wandb": {"runtime": 4619}}