{"epoch": 1, "step": 350, "l1_loss": 0.4044301211833954, "d_loss": -109.24842834472656, "g_loss": 105.64657592773438, "const_loss": 0.0017556356033310294, "category_loss": 0.5292185544967651, "gradient_penalty": 36.37278747558594, "real_loss": 99.61114501953125, "fake_loss": -46.53928756713867, "_timestamp": 1687490983.5750887, "_runtime": 516.4681618213654, "_step": 6, "_wandb": {"runtime": 536}}