{"epoch": 55, "step": 100, "l1_loss": 34.45256423950195, "d_loss": 1.1665526628494263, "g_loss": 35.24064254760742, "const_loss": 0.008428088389337063, "category_loss": 0.012179959565401077, "gradient_penalty": 0.01630537584424019, "_timestamp": 1687497749.7904344, "_runtime": 2365.146275281906, "_step": 22, "_wandb": {"runtime": 2412}}