{"epoch": 2, "step": 200, "l1_loss": 32.37583541870117, "d_loss": -2.6955366134643555, "g_loss": 35.63862991333008, "_timestamp": 1687484611.2740853, "_runtime": 852.985532283783, "_step": 10, "_wandb": {"runtime": 858}}