{"epoch": 30, "step": 2936, "l1_loss": 7.47551155090332, "d_loss": 1.253530740737915, "g_loss": 9.281893730163574, "const_loss": 0.0008988428744487464, "category_loss": 0.00044996629003435373, "gradient_penalty": 0.048383355140686035, "_timestamp": 1687531206.3253443, "_runtime": 7119.1918342113495, "_step": 19, "_wandb": {"runtime": 7120}}