{"epoch": 70, "step": 2936, "l1_loss": 26.89124870300293, "d_loss": 0.9336416125297546, "g_loss": 28.6329402923584, "const_loss": 0.015628015622496605, "category_loss": 4.053665907122195e-05, "gradient_penalty": 0.44362789392471313, "_timestamp": 1687624541.1692932, "_runtime": 5230.155913114548, "_step": 13, "_wandb": {"runtime": 5230}}