{"epoch": 65, "step": 1468, "l1_loss": 35.138404846191406, "d_loss": 0.645146906375885, "g_loss": 36.813880920410156, "const_loss": 0.018916049972176552, "category_loss": 8.701877959538251e-05, "gradient_penalty": 0.17780274152755737, "_timestamp": 1687617156.7066784, "_runtime": 13968.7464594841, "_step": 38, "_wandb": {"runtime": 13966}}