{"epoch": 1, "step": 200, "l1_loss": 65.85053253173828, "d_loss": -10114.0029296875, "g_loss": 4841.505859375, "_timestamp": 1687395195.076491, "_runtime": 358.46320700645447, "_step": 1, "_wandb": {"runtime": 463}}