{"epoch": 2, "step": 50, "l1_loss": 0.439909428358078, "d_loss": -5983.1015625, "g_loss": 365.3358459472656, "const_loss": 0.0005776790203526616, "category_loss": 1.1120595932006836, "gradient_penalty": 160.54031372070312, "real_loss": 5788.64013671875, "fake_loss": -356.11376953125, "_timestamp": 1687491875.5569472, "_runtime": 614.3856451511383, "_step": 7, "_wandb": {"runtime": 642}}