{"epoch": 1, "step": 100, "l1_loss": 22716.294921875, "d_loss": 10.7149019241333, "g_loss": 22717.544921875, "_timestamp": 1687316769.7139947, "_runtime": 353.37477564811707, "_step": 0, "_wandb": {"runtime": 342}}