{"epoch": 2, "step": 100, "l1_loss": 0.3743506073951721, "d_loss": -29.816665649414062, "g_loss": 252.98497009277344, "const_loss": 0.01074659451842308, "category_loss": 0.7756309509277344, "gradient_penalty": 3.1800734996795654, "real_loss": -70.8480224609375, "fake_loss": -104.62039184570312, "_timestamp": 1687489125.6527388, "_runtime": 689.3353447914124, "_step": 8, "_wandb": {"runtime": 752}}