{"epoch": 3, "step": 360, "l1_loss": 39.39244842529297, "d_loss": -4.73116397857666, "g_loss": 302.0303039550781, "const_loss": 0.10937359929084778, "category_loss": 4.653298377990723, "gradient_penalty": 3.369962692260742, "real_loss": -259.78179931640625, "fake_loss": -272.5362243652344, "_timestamp": 1687504388.5970435, "_runtime": 1034.3384845256805, "_step": 33, "_wandb": {"runtime": 1062}}