{"epoch": 2, "step": 100, "l1_loss": 31.586254119873047, "d_loss": -55066.7265625, "g_loss": 29389.642578125, "_timestamp": 1687401212.1288311, "_runtime": 776.762588262558, "_step": 3, "_wandb": {"runtime": 911}}