{"epoch": 1, "step": 100, "l1_loss": 42.3166618347168, "d_loss": -6602.3017578125, "g_loss": 3233.5986328125, "_timestamp": 1687483695.2441807, "_runtime": 152.5064537525177, "_step": 1, "_wandb": {"runtime": 181}}