{"epoch": 8, "step": 300, "l1_loss": 22643.3125, "d_loss": 9.088642120361328, "g_loss": 22643.53125, "_timestamp": 1687322193.5576568, "_runtime": 4850.077126741409, "_step": 23, "_wandb": {"runtime": 4925}}