{"epoch": 2, "step": 200, "l1_loss": 0.3844468295574188, "d_loss": -27.762130737304688, "g_loss": 44.135414123535156, "_timestamp": 1687487051.625501, "_runtime": 849.5319068431854, "_step": 10, "_wandb": {"runtime": 898}}