{"epoch": 90, "step": 1468, "l1_loss": 36.14335250854492, "d_loss": 0.5128150582313538, "g_loss": 37.83039093017578, "const_loss": 0.010133806616067886, "category_loss": 2.209887134085875e-05, "gradient_penalty": 0.014018286019563675, "_timestamp": 1687679203.8852322, "_runtime": 13468.766922235489, "_step": 38}