{"epoch": 76, "step": 1468, "l1_loss": 25.980484008789062, "d_loss": 0.3226415812969208, "g_loss": 27.99856185913086, "const_loss": 0.023920223116874695, "category_loss": 0.00012161358608864248, "gradient_penalty": 0.0263194739818573, "_timestamp": 1687669529.9184723, "_runtime": 3794.8001623153687, "_step": 10}