{"epoch": 76, "step": 2936, "l1_loss": 31.260452270507812, "d_loss": 0.708827793598175, "g_loss": 32.24552536010742, "const_loss": 0.020846659317612648, "category_loss": 2.725550984905567e-05, "gradient_penalty": 0.016705598682165146, "_timestamp": 1687669874.858337, "_runtime": 4139.740026950836, "_step": 11}