{"epoch": 2, "step": 300, "l1_loss": 0.41207796335220337, "d_loss": -286.1654968261719, "g_loss": 1519.05078125, "const_loss": 0.0018986924551427364, "category_loss": 174.46743774414062, "gradient_penalty": 157.48216247558594, "real_loss": -499.5086975097656, "fake_loss": -1117.623779296875, "_timestamp": 1687493393.2394016, "_runtime": 993.9540874958038, "_step": 12, "_wandb": {"runtime": 1041}}