{"epoch": 5, "step": 300, "l1_loss": 90.10175323486328, "d_loss": 168.72738647460938, "g_loss": 64620.109375, "_timestamp": 1687400220.80597, "_runtime": 2852.2817368507385, "_step": 14, "_wandb": {"runtime": 2961}}