{"epoch": 30, "step": 300, "l1_loss": 4.629502296447754, "d_loss": 10.05189037322998, "g_loss": 3.701416015625, "_timestamp": 1687340198.2233057, "_runtime": 17904.17652463913, "_step": 89, "_wandb": {"runtime": 18015}}