{"epoch": 1, "step": 150, "l1_loss": 21322.396484375, "d_loss": -12758.6357421875, "g_loss": 27401.923828125, "_timestamp": 1687482254.3365312, "_runtime": 211.45261025428772, "_step": 2, "_wandb": {"runtime": 230}}