{"epoch": 1, "step": 300, "l1_loss": 164.17018127441406, "d_loss": -24.87926483154297, "g_loss": 186.4114227294922, "const_loss": 2.9197683334350586, "category_loss": 19.868560791015625, "gradient_penalty": 8.982418060302734, "real_loss": 55.52370834350586, "fake_loss": 1.7934634685516357, "_timestamp": 1687494982.1807177, "_runtime": 450.14415979385376, "_step": 5, "_wandb": {"runtime": 477}}