{"epoch": 3, "step": 250, "l1_loss": 39.36855697631836, "d_loss": -25.9998722076416, "g_loss": 76.9229965209961, "_timestamp": 1687486137.744656, "_runtime": 1482.2249631881714, "_step": 18, "_wandb": {"runtime": 1511}}