{"epoch": 1, "step": 50, "l1_loss": 42.322696685791016, "d_loss": 22.227622985839844, "g_loss": 109.02259826660156, "_timestamp": 1687484733.440442, "_runtime": 77.92074918746948, "_step": 0}