{"epoch": 1, "step": 50, "l1_loss": 21402.845703125, "d_loss": -3341.85546875, "g_loss": 22931.46875, "_timestamp": 1687482442.305833, "_runtime": 69.42656517028809, "_step": 0, "_wandb": {"runtime": 73}}