{"epoch": 1, "step": 300, "l1_loss": 0.3555976152420044, "d_loss": -76.13011169433594, "g_loss": 101.02359008789062, "const_loss": 0.00542896194383502, "category_loss": 0.7208104133605957, "gradient_penalty": 30.449525833129883, "real_loss": 34.057716369628906, "fake_loss": -73.24272918701172, "_timestamp": 1687489745.2333446, "_runtime": 454.9104235172272, "_step": 5, "_wandb": {"runtime": 512}}