{"epoch": 3, "step": 50, "l1_loss": 0.4233800768852234, "d_loss": -8778.8896484375, "g_loss": 1656.26025390625, "_timestamp": 1687488338.4673312, "_runtime": 1196.0083661079407, "_step": 14, "_wandb": {"runtime": 1254}}