{"epoch": 8, "step": 100, "l1_loss": 0.8708329796791077, "d_loss": 10.283958435058594, "g_loss": 1.2683196067810059, "_timestamp": 1687261133.3878279, "_runtime": 5041.527899980545, "_step": 21, "_wandb": {"runtime": 5062}}