{"epoch": 45, "step": 2936, "l1_loss": 38.44782257080078, "d_loss": 0.7397364377975464, "g_loss": 39.3881721496582, "const_loss": 0.018352070823311806, "category_loss": 7.711324769843486e-07, "gradient_penalty": 0.11169742792844772, "_timestamp": 1687543792.6234014, "_runtime": 6446.845392465591, "_step": 17, "_wandb": {"runtime": 6760}}