{"epoch": 2, "step": 1900, "l1_loss": 13.829973220825195, "d_loss": 1.9083755016326904, "g_loss": 16.051538467407227, "const_loss": 0.0003897960705216974, "category_loss": 0.1721859574317932, "gradient_penalty": 0.020799683406949043, "_timestamp": 1687506153.3809638, "_runtime": 1127.106172800064, "_step": 1}