{"epoch": 1, "step": 720, "l1_loss": 35.6453971862793, "d_loss": -19.11365509033203, "g_loss": 161.58224487304688, "const_loss": 0.7747358679771423, "category_loss": 9.399333000183105, "gradient_penalty": 3.993213176727295, "real_loss": -69.70822143554688, "fake_loss": -102.21442413330078, "_timestamp": 1687504938.3225389, "_runtime": 457.5363337993622, "_step": 3, "_wandb": {"runtime": 501}}