{"epoch": 1, "step": 100, "l1_loss": 0.3509596586227417, "d_loss": -27.363557815551758, "g_loss": 51.84320068359375, "const_loss": 0.04190909117460251, "category_loss": 15.572988510131836, "gradient_penalty": 7.6409101486206055, "real_loss": 31.58978271484375, "fake_loss": -18.987674713134766, "_timestamp": 1687493870.6842988, "_runtime": 149.43359184265137, "_step": 1, "_wandb": {"runtime": 189}}