{"epoch": 1, "step": 350, "l1_loss": 0.4184957444667816, "d_loss": -4249.28173828125, "g_loss": 1101.095458984375, "const_loss": 0.0012331994948908687, "category_loss": 1.2439359426498413, "gradient_penalty": 206.0607147216797, "real_loss": 3285.580322265625, "fake_loss": -1171.006103515625, "_timestamp": 1687490350.1671607, "_runtime": 524.6787736415863, "_step": 6, "_wandb": {"runtime": 587}}