{"epoch": 2, "step": 200, "l1_loss": 16.030719757080078, "d_loss": 264.763427734375, "g_loss": 11486.73046875, "_timestamp": 1687394678.6685202, "_runtime": 917.3607411384583, "_step": 4, "_wandb": {"runtime": 987}}