{"epoch": 21, "step": 2936, "l1_loss": 9.164799690246582, "d_loss": 1.1794987916946411, "g_loss": 10.112797737121582, "const_loss": 0.0005073173088021576, "category_loss": 0.037978656589984894, "gradient_penalty": 0.012362416833639145, "_timestamp": 1687521267.326309, "_runtime": 14326.157351970673, "_step": 41, "_wandb": {"runtime": 14325}}