{"epoch": 20, "step": 2936, "l1_loss": 11.604988098144531, "d_loss": 0.012356097809970379, "g_loss": 17.803739547729492, "const_loss": 0.0014414428733289242, "category_loss": 0.0022655529901385307, "gradient_penalty": 0.006353287026286125, "_timestamp": 1687523957.4149942, "_runtime": 1501.8190581798553, "_step": 3, "_wandb": {"runtime": 1502}}