{"epoch": 1, "step": 350, "l1_loss": 37.1375846862793, "d_loss": -38.67673873901367, "g_loss": 140.54298400878906, "const_loss": 0.8582195043563843, "category_loss": 11.471625328063965, "gradient_penalty": 12.320423126220703, "real_loss": -29.043363571166992, "fake_loss": -91.51215362548828, "_timestamp": 1687494464.1384604, "_runtime": 534.1339464187622, "_step": 6, "_wandb": {"runtime": 576}}