{"epoch": 1, "step": 100, "l1_loss": 0.46968215703964233, "d_loss": -1005.783203125, "g_loss": 1034.281982421875, "const_loss": 0.0012350926408544183, "category_loss": 101.23080444335938, "gradient_penalty": 114.63682556152344, "real_loss": 832.423583984375, "fake_loss": -389.227294921875, "_timestamp": 1687492100.6525826, "_runtime": 147.07662153244019, "_step": 1, "_wandb": {"runtime": 218}}