{"epoch": 37, "step": 2936, "l1_loss": 36.97013473510742, "d_loss": 1.0458590984344482, "g_loss": 37.8830680847168, "const_loss": 0.026532169431447983, "category_loss": 2.2092952349339612e-05, "gradient_penalty": 0.01338521484285593, "_timestamp": 1687536666.2944272, "_runtime": 5019.315235137939, "_step": 13}